anio,trimestre,provincia,velocidad_promedio,total_accesos
2017,4,Buenos Aires,29.770514285714288,3188332
2017,4,Capital Federal,37.02034285714286,1584238
2017,4,Catamarca,20.764,29558
2017,4,Chaco,24.32469565217391,96471
2017,4,Chubut,11.41325,93432
2017,4,Corrientes,26.58152380952381,93771
2017,4,Córdoba,25.358719999999998,700611
2017,4,Entre Ríos,26.6755,193499
2017,4,Formosa,24.87957894736842,32055
2017,4,Jujuy,21.49266666666667,43550
2017,4,La Pampa,16.123399999999997,81086
2017,4,La Rioja,13.092,52195
2017,4,Mendoza,17.067333333333334,180154
2017,4,Misiones,26.58152380952381,103895
2017,4,Neuquén,16.123399999999997,115843
2017,4,Río Negro,17.308,109678
2017,4,Salta,20.80070588235294,133648
2017,4,San Juan,7.241200000000001,58622
2017,4,San Luis,8.147333333333334,14900
2017,4,Santa Cruz,11.623999999999999,29978
2017,4,Santa Fe,27.65406896551724,671964
2017,4,Santiago Del Estero,10.016307692307691,68842
2017,4,Tierra Del Fuego,3.864,31652
2017,4,Tucumán,21.24266666666667,162248
2018,1,Buenos Aires,29.770514285714288,3471700
2018,1,Capital Federal,37.02034285714286,1368594
2018,1,Catamarca,22.288,33929
2018,1,Chaco,25.38490909090909,96782
2018,1,Chubut,10.42925,97928
2018,1,Corrientes,26.58152380952381,94420
2018,1,Córdoba,25.358719999999998,713991
2018,1,Entre Ríos,26.6755,196848
2018,1,Formosa,24.64273684210526,32320
2018,1,Jujuy,21.49266666666667,44393
2018,1,La Pampa,16.123399999999997,82375
2018,1,La Rioja,13.092,52242
2018,1,Mendoza,16.18252631578947,200927
2018,1,Misiones,26.58152380952381,103542
2018,1,Neuquén,16.123399999999997,116746
2018,1,Río Negro,17.308,111239
2018,1,Salta,20.80070588235294,134001
2018,1,San Juan,6.606181818181819,63240
2018,1,San Luis,8.79709090909091,21382
2018,1,Santa Cruz,10.812,33772
2018,1,Santa Fe,27.65406896551724,680053
2018,1,Santiago Del Estero,9.31914285714286,84236
2018,1,Tierra Del Fuego,3.463111111111111,34409
2018,1,Tucumán,18.38342857142857,167984
2018,2,Buenos Aires,30.31337142857143,3500699
2018,2,Capital Federal,37.02034285714286,1369186
2018,2,Catamarca,11.420615384615386,34089
2018,2,Chaco,19.2127619047619,98521
2018,2,Chubut,10.42925,100564
2018,2,Corrientes,26.58152380952381,97957
2018,2,Córdoba,29.67742857142857,713073
2018,2,Entre Ríos,25.61872,199985
2018,2,Formosa,16.048399999999997,44554
2018,2,Jujuy,19.77925,45133
2018,2,La Pampa,44.380736842105264,82421
2018,2,La Rioja,16.837866666666667,51948
2018,2,Mendoza,15.673399999999997,200952
2018,2,Misiones,20.8106,106147
2018,2,Neuquén,16.123399999999997,115848
2018,2,Río Negro,17.308,112235
2018,2,Salta,16.84511111111111,134167
2018,2,San Juan,6.606181818181819,64101
2018,2,San Luis,8.439,21468
2018,2,Santa Cruz,10.812,34405
2018,2,Santa Fe,27.65406896551724,684552
2018,2,Santiago Del Estero,16.862823529411767,83775
2018,2,Tierra Del Fuego,6.074461538461539,44707
2018,2,Tucumán,16.837866666666667,169957
2018,3,Buenos Aires,30.31337142857143,3610277
2018,3,Capital Federal,37.02034285714286,1392490
2018,3,Catamarca,11.217866666666668,34226
2018,3,Chaco,20.203090909090907,102033
2018,3,Chubut,11.098315789473684,103736
2018,3,Corrientes,26.58152380952381,99456
2018,3,Córdoba,29.480296296296295,725858
2018,3,Entre Ríos,25.61872,204608
2018,3,Formosa,16.048399999999997,44865
2018,3,Jujuy,25.473,44935
2018,3,La Pampa,44.380736842105264,83424
2018,3,La Rioja,16.837866666666667,51872
2018,3,Mendoza,28.613,207029
2018,3,Misiones,20.8106,108042
2018,3,Neuquén,16.123399999999997,116718
2018,3,Río Negro,23.56672727272727,113492
2018,3,Salta,16.84511111111111,132883
2018,3,San Juan,11.362,64481
2018,3,San Luis,9.437866666666668,74421
2018,3,Santa Cruz,11.144533333333333,33999
2018,3,Santa Fe,27.65406896551724,695100
2018,3,Santiago Del Estero,16.129894736842104,86360
2018,3,Tierra Del Fuego,12.56675,45564
2018,3,Tucumán,16.02164705882353,171166
2018,4,Buenos Aires,30.31337142857143,3636606
2018,4,Capital Federal,36.96422222222222,1389020
2018,4,Catamarca,11.947714285714286,33583
2018,4,Chaco,20.532363636363637,103270
2018,4,Chubut,15.548399999999997,78722
2018,4,Corrientes,21.01115789473684,100601
2018,4,Córdoba,32.065599999999996,737339
2018,4,Entre Ríos,20.498666666666665,222047
2018,4,Formosa,16.87957894736842,45204
2018,4,Jujuy,25.112181818181817,90133
2018,4,La Pampa,54.12411111111111,85636
2018,4,La Rioja,17.969142857142856,51651
2018,4,Mendoza,28.613,206304
2018,4,Misiones,21.01115789473684,116273
2018,4,Neuquén,16.123399999999997,114365
2018,4,Río Negro,23.56672727272727,116837
2018,4,Salta,18.037473684210525,134578
2018,4,San Juan,11.362,62398
2018,4,San Luis,9.437866666666668,96331
2018,4,Santa Cruz,16.704250000000002,24768
2018,4,Santa Fe,27.65406896551724,720390
2018,4,Santiago Del Estero,16.051058823529413,89335
2018,4,Tierra Del Fuego,16.272285714285715,46260
2018,4,Tucumán,19.041333333333334,172004
2019,1,Buenos Aires,30.30466666666667,3732709
2019,1,Capital Federal,36.37059459459459,1401583
2019,1,Catamarca,11.947714285714286,34739
2019,1,Chaco,19.65078260869565,106982
2019,1,Chubut,16.353263157894737,82678
2019,1,Corrientes,21.01115789473684,101659
2019,1,Córdoba,34.249,746418
2019,1,Entre Ríos,24.607304347826084,233180
2019,1,Formosa,16.87957894736842,45299
2019,1,Jujuy,25.112181818181817,83736
2019,1,La Pampa,54.87411111111111,87085
2019,1,La Rioja,19.331692307692308,51653
2019,1,Mendoza,32.70848,215979
2019,1,Misiones,19.973399999999998,125633
2019,1,Neuquén,16.123399999999997,114242
2019,1,Río Negro,23.56672727272727,120826
2019,1,Salta,17.1484,136012
2019,1,San Juan,17.766750000000002,63982
2019,1,San Luis,9.437866666666668,98701
2019,1,Santa Cruz,18.256999999999998,25606
2019,1,Santa Fe,30.34275,732320
2019,1,Santiago Del Estero,17.038249999999998,91535
2019,1,Tierra Del Fuego,14.759529411764706,43361
2019,1,Tucumán,19.9806,172217
2019,2,Buenos Aires,84.68214634146341,3870807
2019,2,Capital Federal,83.04175609756098,1418395
2019,2,Catamarca,11.817866666666667,33622
2019,2,Chaco,31.27872,109904
2019,2,Chubut,15.284190476190474,89333
2019,2,Corrientes,34.26038095238095,109461
2019,2,Córdoba,41.48562162162162,769793
2019,2,Entre Ríos,36.91533333333333,234213
2019,2,Formosa,16.048399999999997,46751
2019,2,Jujuy,27.373399999999997,86733
2019,2,La Pampa,44.292,90223
2019,2,La Rioja,19.331692307692308,50304
2019,2,Mendoza,23.552695652173913,222260
2019,2,Misiones,34.26038095238095,130052
2019,2,Neuquén,30.593714285714285,122886
2019,2,Río Negro,22.976869565217388,138429
2019,2,Salta,17.1484,142650
2019,2,San Juan,17.829250000000002,70240
2019,2,San Luis,15.16675,117383
2019,2,Santa Cruz,17.034,30010
2019,2,Santa Fe,54.21115151515151,736108
2019,2,Santiago Del Estero,24.677263157894735,126056
2019,2,Tierra Del Fuego,19.474315789473685,47895
2019,2,Tucumán,19.9806,166673
2019,3,Buenos Aires,92.60206666666666,3960233
2019,3,Capital Federal,139.96174,1441211
2019,3,Catamarca,11.817866666666667,32400
2019,3,Chaco,30.873666666666665,114451
2019,3,Chubut,13.82585714285714,89005
2019,3,Corrientes,34.26038095238095,112759
2019,3,Córdoba,124.05093478260869,783053
2019,3,Entre Ríos,35.45372,238102
2019,3,Formosa,30.52228571428571,46066
2019,3,Jujuy,27.373399999999997,86576
2019,3,La Pampa,41.63367857142857,90828
2019,3,La Rioja,22.10109090909091,49677
2019,3,Mendoza,21.69372,224337
2019,3,Misiones,34.26038095238095,133883
2019,3,Neuquén,107.7575172413793,125421
2019,3,Río Negro,95.38770370370369,144295
2019,3,Salta,16.123399999999997,151835
2019,3,San Juan,16.208842105263155,73098
2019,3,San Luis,14.103777777777777,122700
2019,3,Santa Cruz,15.36215,37970
2019,3,Santa Fe,61.97480555555555,760934
2019,3,Santiago Del Estero,24.677263157894735,133132
2019,3,Tierra Del Fuego,18.5134,48587
2019,3,Tucumán,19.9806,164131
2019,4,Buenos Aires,90.4304693877551,3686250
2019,4,Capital Federal,135.4776346153846,1358105
2019,4,Catamarca,62.31211111111111,38311
2019,4,Chaco,50.363249999999994,117903
2019,4,Chubut,13.50442857142857,96102
2019,4,Corrientes,32.581809523809525,113834
2019,4,Córdoba,116.87425581395348,806688
2019,4,Entre Ríos,34.04372,239030
2019,4,Formosa,29.168999999999997,46711
2019,4,Jujuy,60.00947826086956,88881
2019,4,La Pampa,40.40915625,90399
2019,4,La Rioja,20.321833333333334,49002
2019,4,Mendoza,48.87381481481481,185780
2019,4,Misiones,31.44172727272727,135813
2019,4,Neuquén,29.566454545454544,116445
2019,4,Río Negro,35.342416666666665,127140
2019,4,Salta,50.226869565217385,172445
2019,4,San Juan,15.853578947368419,64974
2019,4,San Luis,13.728777777777777,108201
2019,4,Santa Cruz,14.494368421052632,39370
2019,4,Santa Fe,94.86737837837838,769169
2019,4,Santiago Del Estero,39.458,103588
2019,4,Tierra Del Fuego,12.100947368421053,40392
2019,4,Tucumán,53.58095652173913,198644
2020,1,Buenos Aires,90.4304693877551,3718747
2020,1,Capital Federal,135.4776346153846,1354054
2020,1,Catamarca,62.31211111111111,38860
2020,1,Chaco,43.583678571428564,120226
2020,1,Chubut,13.50442857142857,96920
2020,1,Corrientes,32.581809523809525,113737
2020,1,Córdoba,113.09756818181818,810924
2020,1,Entre Ríos,37.5805,230292
2020,1,Formosa,29.168999999999997,46276
2020,1,Jujuy,61.27034782608695,94089
2020,1,La Pampa,40.40915625,89145
2020,1,La Rioja,20.321833333333334,48345
2020,1,Mendoza,49.93348,176960
2020,1,Misiones,31.44172727272727,133700
2020,1,Neuquén,29.566454545454544,122214
2020,1,Río Negro,35.342416666666665,126927
2020,1,Salta,50.226869565217385,170695
2020,1,San Juan,15.853578947368419,67861
2020,1,San Luis,13.728777777777777,110454
2020,1,Santa Cruz,21.534875,38335
2020,1,Santa Fe,83.05813888888889,762556
2020,1,Santiago Del Estero,39.458,103054
2020,1,Tierra Del Fuego,12.100947368421053,37606
2020,1,Tucumán,52.55675,200449
2020,2,Buenos Aires,106.0125873015873,3777542
2020,2,Capital Federal,132.03875925925925,1357821
2020,2,Catamarca,59.34831578947368,47976
2020,2,Chaco,43.49418518518518,128132
2020,2,Chubut,14.299681818181817,108656
2020,2,Corrientes,31.910899999999998,118866
2020,2,Córdoba,109.11506521739129,836468
2020,2,Entre Ríos,36.46511538461538,234113
2020,2,Formosa,31.8359,47932
2020,2,Jujuy,61.27034782608695,94316
2020,2,La Pampa,10.809190476190476,89809
2020,2,La Rioja,37.90786666666666,52155
2020,2,Mendoza,44.896178571428564,201184
2020,2,Misiones,100.80437037037036,140340
2020,2,Neuquén,31.10704347826087,126172
2020,2,Río Negro,38.728719999999996,129486
2020,2,Salta,50.226869565217385,177762
2020,2,San Juan,15.853578947368419,69777
2020,2,San Luis,15.479894736842105,113952
2020,2,Santa Cruz,20.06126923076923,38869
2020,2,Santa Fe,81.86737837837838,777932
2020,2,Santiago Del Estero,30.315142857142853,105447
2020,2,Tierra Del Fuego,12.701058823529412,39189
2020,2,Tucumán,50.46472,217156
2020,3,Buenos Aires,104.95066153846153,3936186
2020,3,Capital Federal,131.03805454545454,1372675
2020,3,Catamarca,56.6059,49904
2020,3,Chaco,43.49418518518518,133954
2020,3,Chubut,22.50404347826087,130027
2020,3,Corrientes,31.910899999999998,123391
2020,3,Córdoba,106.83602127659574,867472
2020,3,Entre Ríos,36.97566666666666,241495
2020,3,Formosa,31.8359,49209
2020,3,Jujuy,80.38408333333332,106728
2020,3,La Pampa,19.038192307692306,93735
2020,3,La Rioja,37.90786666666666,52616
2020,3,Mendoza,45.451482758620685,207788
2020,3,Misiones,100.80437037037036,143186
2020,3,Neuquén,29.821583333333333,129235
2020,3,Río Negro,38.728719999999996,131467
2020,3,Salta,50.226869565217385,180846
2020,3,San Juan,17.677047619047617,77327
2020,3,San Luis,15.479894736842105,116565
2020,3,Santa Cruz,20.06126923076923,39281
2020,3,Santa Fe,81.86737837837838,802998
2020,3,Santiago Del Estero,30.315142857142853,105492
2020,3,Tierra Del Fuego,20.487739130434782,39654
2020,3,Tucumán,46.31135714285714,223876
2020,4,Buenos Aires,95.84192753623188,4032150
2020,4,Capital Federal,132.81653703703702,1379523
2020,4,Catamarca,56.6059,52394
2020,4,Chaco,43.49418518518518,139083
2020,4,Chubut,23.274708333333333,130574
2020,4,Corrientes,31.200857142857142,125658
2020,4,Córdoba,108.19044230769231,902698
2020,4,Entre Ríos,131.1781,247358
2020,4,Formosa,32.272285714285715,50206
2020,4,Jujuy,75.39696296296296,105843
2020,4,La Pampa,17.734346153846154,96895
2020,4,La Rioja,51.42413333333333,52778
2020,4,Mendoza,81.59665625,215453
2020,4,Misiones,100.29448484848484,147158
2020,4,Neuquén,48.79684615384615,133135
2020,4,Río Negro,54.54684615384615,141210
2020,4,Salta,50.226869565217385,187390
2020,4,San Juan,25.946583333333333,72596
2020,4,San Luis,25.08515789473684,119420
2020,4,Santa Cruz,31.170111111111108,40674
2020,4,Santa Fe,124.6823953488372,820802
2020,4,Santiago Del Estero,30.315142857142853,106667
2020,4,Tierra Del Fuego,20.050749999999997,39613
2020,4,Tucumán,45.36958620689655,231088
2021,1,Buenos Aires,96.27275714285715,4058891
2021,1,Capital Federal,132.81653703703702,1379673
2021,1,Catamarca,56.7559,51966
2021,1,Chaco,43.49418518518518,139752
2021,1,Chubut,22.64372,132340
2021,1,Corrientes,31.200857142857142,126624
2021,1,Córdoba,116.70967307692308,910878
2021,1,Entre Ríos,133.96872413793102,251960
2021,1,Formosa,32.272285714285715,50686
2021,1,Jujuy,72.33530769230768,110448
2021,1,La Pampa,28.929370370370368,97105
2021,1,La Rioja,48.347625,52628
2021,1,Mendoza,130.63122857142858,218923
2021,1,Misiones,97.47765714285714,149384
2021,1,Neuquén,49.10871999999999,133235
2021,1,Río Negro,54.54684615384615,141168
2021,1,Salta,50.226869565217385,187574
2021,1,San Juan,25.946583333333333,78267
2021,1,San Luis,24.02942857142857,119139
2021,1,Santa Cruz,31.438407407407407,46065
2021,1,Santa Fe,124.6823953488372,826116
2021,1,Santiago Del Estero,52.209909090909086,111639
2021,1,Tierra Del Fuego,27.884083333333333,40421
2021,1,Tucumán,45.36958620689655,231911
2021,2,Buenos Aires,107.87798630136986,4131240
2021,2,Capital Federal,132.81653703703702,1400355
2021,2,Catamarca,40.85081818181818,55742
2021,2,Chaco,43.49418518518518,140711
2021,2,Chubut,23.545541666666665,139237
2021,2,Corrientes,27.821583333333333,129500
2021,2,Córdoba,106.88275,930877
2021,2,Entre Ríos,125.48687096774194,257629
2021,2,Formosa,31.214454545454544,51551
2021,2,Jujuy,60.4506923076923,111840
2021,2,La Pampa,28.039035714285713,97667
2021,2,La Rioja,42.80094736842105,81602
2021,2,Mendoza,97.85979999999999,229671
2021,2,Misiones,94.88105555555555,156173
2021,2,Neuquén,47.545111111111105,138250
2021,2,Río Negro,57.93635714285714,144084
2021,2,Salta,28.292086956521736,191639
2021,2,San Juan,27.031217391304345,78933
2021,2,San Luis,24.02942857142857,122803
2021,2,Santa Cruz,30.324749999999998,48982
2021,2,Santa Fe,114.63588372093022,840589
2021,2,Santiago Del Estero,49.27991666666666,114088
2021,2,Tierra Del Fuego,27.884083333333333,35692
2021,2,Tucumán,63.02475862068965,233050
2021,3,Buenos Aires,105.72124,4250498
2021,3,Capital Federal,136.1699423076923,1413404
2021,3,Catamarca,38.896272727272724,56252
2021,3,Chaco,43.49418518518518,139853
2021,3,Chubut,23.60372,156066
2021,3,Corrientes,27.950692307692307,133818
2021,3,Córdoba,106.88275,946785
2021,3,Entre Ríos,125.48687096774194,260372
2021,3,Formosa,31.422521739130435,52795
2021,3,Jujuy,60.4506923076923,111150
2021,3,La Pampa,27.141137931034482,100487
2021,3,La Rioja,40.90295238095238,82160
2021,3,Mendoza,107.64147222222222,255939
2021,3,Misiones,94.88105555555555,158525
2021,3,Neuquén,53.097071428571425,139809
2021,3,Río Negro,52.563629629629624,144585
2021,3,Salta,28.292086956521736,195833
2021,3,San Juan,27.031217391304345,79483
2021,3,San Luis,24.02942857142857,117849
2021,3,Santa Cruz,30.324749999999998,48976
2021,3,Santa Fe,114.63588372093022,841573
2021,3,Santiago Del Estero,49.27991666666666,115456
2021,3,Tierra Del Fuego,32.96872,50222
2021,3,Tucumán,84.79735483870967,232471
2021,4,Buenos Aires,98.21341891891892,4509157
2021,4,Capital Federal,136.1699423076923,1412118
2021,4,Catamarca,38.896272727272724,59090
2021,4,Chaco,26.049740740740738,143745
2021,4,Chubut,22.734346153846154,160308
2021,4,Corrientes,28.925749999999997,135912
2021,4,Córdoba,106.59250943396226,986770
2021,4,Entre Ríos,30.855296296296295,265046
2021,4,Formosa,31.422521739130435,53663
2021,4,Jujuy,59.628719999999994,113915
2021,4,La Pampa,34.14617857142857,107007
2021,4,La Rioja,40.90295238095238,83128
2021,4,Mendoza,88.70521621621621,267586
2021,4,Misiones,88.1348,171132
2021,4,Neuquén,36.10066666666666,147466
2021,4,Río Negro,54.58767741935483,153753
2021,4,Salta,28.292086956521736,199405
2021,4,San Juan,16.988249999999997,79958
2021,4,San Luis,11.79627272727273,118849
2021,4,Santa Cruz,18.416999999999998,48486
2021,4,Santa Fe,68.71297368421052,866441
2021,4,Santiago Del Estero,49.27991666666666,115861
2021,4,Tierra Del Fuego,31.59325925925926,52356
2021,4,Tucumán,53.49059999999999,238639
2022,1,Buenos Aires,101.49081818181818,4555424
2022,1,Capital Federal,133.60552830188678,1417541
2022,1,Catamarca,40.534190476190474,62378
2022,1,Chaco,26.049740740740738,144119
2022,1,Chubut,32.96760714285714,171628
2022,1,Corrientes,28.925749999999997,142578
2022,1,Córdoba,106.59250943396226,1003803
2022,1,Entre Ríos,30.855296296296295,267926
2022,1,Formosa,31.422521739130435,54548
2022,1,Jujuy,59.268719999999995,116509
2022,1,La Pampa,34.14617857142857,109732
2022,1,La Rioja,40.90295238095238,84303
2022,1,Mendoza,88.70521621621621,275185
2022,1,Misiones,35.157266666666665,171508
2022,1,Neuquén,36.10066666666666,149679
2022,1,Río Negro,106.28383333333333,157374
2022,1,Salta,28.292086956521736,197515
2022,1,San Juan,29.56607692307692,88178
2022,1,San Luis,15.635565217391305,119844
2022,1,Santa Cruz,18.574749999999998,49102
2022,1,Santa Fe,70.14860975609756,870479
2022,1,Santiago Del Estero,49.27991666666666,116461
2022,1,Tierra Del Fuego,30.507785714285713,52610
2022,1,Tucumán,105.446,245584
2022,2,Buenos Aires,112.71889873417722,4667183
2022,2,Capital Federal,133.60552830188678,1536771
2022,2,Catamarca,40.534190476190474,67008
2022,2,Chaco,61.690821428571425,143564
2022,2,Chubut,32.96760714285714,162805
2022,2,Corrientes,68.72872,144997
2022,2,Córdoba,106.59250943396226,1026435
2022,2,Entre Ríos,66.32475,269352
2022,2,Formosa,72.77991666666667,67881
2022,2,Jujuy,96.37376923076923,115314
2022,2,La Pampa,34.753321428571425,111527
2022,2,La Rioja,82.194,86030
2022,2,Mendoza,88.70521621621621,279562
2022,2,Misiones,67.3661875,178813
2022,2,Neuquén,74.26613793103448,161968
2022,2,Río Negro,131.08697297297297,159764
2022,2,Salta,69.77991666666667,203177
2022,2,San Juan,29.56607692307692,100407
2022,2,San Luis,12.143714285714285,121741
2022,2,Santa Cruz,18.574749999999998,49185
2022,2,Santa Fe,92.85935714285714,878859
2022,2,Santiago Del Estero,88.26871999999999,118044
2022,2,Tierra Del Fuego,30.507785714285713,53769
2022,2,Tucumán,105.446,254527
2022,3,Buenos Aires,112.28436486486486,5044432
2022,3,Capital Federal,149.86225,1504686
2022,3,Catamarca,131.05295652173913,74933
2022,3,Chaco,118.40406896551724,155543
2022,3,Chubut,65.20861764705882,170674
2022,3,Corrientes,118.59372413793103,157894
2022,3,Córdoba,115.83108620689656,1082096
2022,3,Entre Ríos,97.36976666666666,296552
2022,3,Formosa,89.60372,62718
2022,3,Jujuy,130.95421428571427,118051
2022,3,La Pampa,84.57857575757575,122195
2022,3,La Rioja,107.721,87782
2022,3,Mendoza,95.05656756756757,302597
2022,3,Misiones,123.71872727272726,202556
2022,3,Neuquén,101.15915625,164246
2022,3,Río Negro,124.55366666666666,170352
2022,3,Salta,145.65812121212122,202860
2022,3,San Juan,69.61918518518517,106666
2022,3,San Luis,105.87844444444444,156088
2022,3,Santa Cruz,55.315406249999995,80208
2022,3,Santa Fe,133.0442075471698,918585
2022,3,Santiago Del Estero,103.86046428571429,124362
2022,3,Tierra Del Fuego,54.14059999999999,61554
2022,3,Tucumán,122.52111764705882,264595
2022,4,Buenos Aires,128.1522976190476,4794665
2022,4,Capital Federal,135.7187358490566,1551926
2022,4,Catamarca,64.43895238095237,70909
2022,4,Chaco,89.11228125,143663
2022,4,Chubut,32.9031,168759
2022,4,Corrientes,99.72207142857143,155453
2022,4,Córdoba,112.40168852459016,1049660
2022,4,Entre Ríos,94.55740625,270974
2022,4,Formosa,93.32158333333332,61840
2022,4,Jujuy,121.09118518518518,118218
2022,4,La Pampa,49.10665517241379,114164
2022,4,La Rioja,104.12878260869566,86262
2022,4,Mendoza,88.70521621621621,292104
2022,4,Misiones,87.02051428571428,186269
2022,4,Neuquén,105.90054545454545,160180
2022,4,Río Negro,148.32239024390245,162092
2022,4,Salta,123.3974375,205860
2022,4,San Juan,29.56607692307692,103826
2022,4,San Luis,77.64872,135220
2022,4,Santa Cruz,18.574749999999998,50203
2022,4,Santa Fe,137.60685999999998,887691
2022,4,Santiago Del Estero,88.26871999999999,119494
2022,4,Tierra Del Fuego,34.68635714285714,55259
2022,4,Tucumán,103.4034705882353,263422
2023,1,Buenos Aires,127.88401136363636,4820928
2023,1,Capital Federal,145.05727777777778,1548729
2023,1,Catamarca,136.00536363636363,71492
2023,1,Chaco,113.70864516129032,142442
2023,1,Chubut,48.35783870967742,170053
2023,1,Corrientes,99.72207142857143,157020
2023,1,Córdoba,112.40168852459016,1049972
2023,1,Entre Ríos,94.55740625,274878
2023,1,Formosa,93.32158333333332,60985
2023,1,Jujuy,134.81786206896552,117981
2023,1,La Pampa,52.87396774193548,116504
2023,1,La Rioja,104.12878260869566,86405
2023,1,Mendoza,93.84035135135134,293019
2023,1,Misiones,101.53291891891891,190685
2023,1,Neuquén,105.90054545454545,160412
2023,1,Río Negro,148.32239024390245,164331
2023,1,Salta,140.93288235294116,205426
2023,1,San Juan,68.59707142857143,101767
2023,1,San Luis,107.45251851851852,135463
2023,1,Santa Cruz,18.574749999999998,50361
2023,1,Santa Fe,134.36621153846153,886274
2023,1,Santiago Del Estero,87.21992307692307,118555
2023,1,Tierra Del Fuego,40.49027586206896,57112
2023,1,Tucumán,118.73479999999999,261100
2023,2,Buenos Aires,118.13042857142857,5044503
2023,2,Capital Federal,149.86225,1504686
2023,2,Catamarca,131.05295652173913,74933
2023,2,Chaco,118.40406896551724,155543
2023,2,Chubut,65.20861764705882,170674
2023,2,Corrientes,118.59372413793103,157894
2023,2,Córdoba,112.24267213114754,1082180
2023,2,Entre Ríos,97.36976666666666,296552
2023,2,Formosa,89.60372,62718
2023,2,Jujuy,132.64544827586207,118053
2023,2,La Pampa,84.57857575757575,122195
2023,2,La Rioja,107.721,87782
2023,2,Mendoza,95.05656756756757,302597
2023,2,Misiones,123.71872727272726,202556
2023,2,Neuquén,101.15915625,164246
2023,2,Río Negro,142.79983333333334,171019
2023,2,Salta,145.65812121212122,202860
2023,2,San Juan,69.61918518518517,106666
2023,2,San Luis,105.87844444444444,156088
2023,2,Santa Cruz,55.315406249999995,80208
2023,2,Santa Fe,133.0442075471698,918585
2023,2,Santiago Del Estero,103.86046428571429,124362
2023,2,Tierra Del Fuego,54.14059999999999,61554
2023,2,Tucumán,122.52111764705882,264595
2023,3,Buenos Aires,128.1154367816092,4968237
2023,3,Capital Federal,147.78937735849055,1467984
2023,3,Catamarca,136.80536363636364,74355
2023,3,Chaco,113.70864516129032,142146
2023,3,Chubut,48.35783870967742,168068
2023,3,Corrientes,99.72207142857143,159829
2023,3,Córdoba,112.40168852459016,1069334
2023,3,Entre Ríos,94.55740625,293293
2023,3,Formosa,89.60372,61314
2023,3,Jujuy,134.81786206896552,117377
2023,3,La Pampa,82.60887878787878,119921
2023,3,La Rioja,107.721,87701
2023,3,Mendoza,103.92143243243243,298022
2023,3,Misiones,101.53291891891891,197135
2023,3,Neuquén,100.34665625,164273
2023,3,Río Negro,144.79983333333334,163485
2023,3,Salta,140.93288235294116,206233
2023,3,San Juan,69.61918518518517,103730
2023,3,San Luis,103.77564285714286,148916
2023,3,Santa Cruz,19.25322222222222,47987
2023,3,Santa Fe,136.09888235294116,900352
2023,3,Santiago Del Estero,103.86046428571429,121928
2023,3,Tierra Del Fuego,54.14059999999999,58730
2023,3,Tucumán,120.13876470588235,266557
2023,4,Buenos Aires,128.4550340909091,5011620
2023,4,Capital Federal,163.57105555555555,1474367
2023,4,Catamarca,131.05295652173913,74587
2023,4,Chaco,118.40406896551724,147386
2023,4,Chubut,91.91694285714286,170170
2023,4,Corrientes,118.59372413793103,159472
2023,4,Córdoba,110.58655555555555,1079302
2023,4,Entre Ríos,97.36976666666666,298637
2023,4,Formosa,89.60372,62002
2023,4,Jujuy,132.64544827586207,118020
2023,4,La Pampa,82.44391176470587,121326
2023,4,La Rioja,107.721,87721
2023,4,Mendoza,95.05656756756757,299351
2023,4,Misiones,101.53291891891891,200333
2023,4,Neuquén,100.34665625,164627
2023,4,Río Negro,142.26960465116278,168417
2023,4,Salta,165.47765714285714,204732
2023,4,San Juan,69.61918518518517,103210
2023,4,San Luis,134.67993103448276,154685
2023,4,Santa Cruz,55.315406249999995,87031
2023,4,Santa Fe,152.71236538461537,909501
2023,4,Santiago Del Estero,103.86046428571429,123230
2023,4,Tierra Del Fuego,54.14059999999999,61598
2023,4,Tucumán,122.52111764705882,266335
2024,1,Buenos Aires,129.78535443037975,5044557
2024,1,Capital Federal,165.90258490566038,1504711
2024,1,Catamarca,131.05295652173913,74933
2024,1,Chaco,118.40406896551724,155543
2024,1,Chubut,91.91694285714286,170676
2024,1,Corrientes,118.59372413793103,157894
2024,1,Córdoba,110.43258730158729,1082199
2024,1,Entre Ríos,97.36976666666666,296552
2024,1,Formosa,89.60372,62718
2024,1,Jujuy,132.64544827586207,118053
2024,1,La Pampa,84.57857575757575,122195
2024,1,La Rioja,107.721,87782
2024,1,Mendoza,95.05656756756757,302597
2024,1,Misiones,123.71872727272726,202556
2024,1,Neuquén,101.15915625,164246
2024,1,Río Negro,142.79983333333334,171019
2024,1,Salta,170.78582352941177,202861
2024,1,San Juan,69.61918518518517,106666
2024,1,San Luis,137.81135714285713,156090
2024,1,Santa Cruz,55.315406249999995,80208
2024,1,Santa Fe,149.09894444444444,918586
2024,1,Santiago Del Estero,103.86046428571429,124362
2024,1,Tierra Del Fuego,54.14059999999999,61554
2024,1,Tucumán,122.52111764705882,264595
2024,2,BUENOS AIRES,125.093975,4989380
2024,2,CABA,156.6135471698113,1463599
2024,2,CATAMARCA,121.17783333333334,75074
2024,2,CHACO,114.36248275862069,147092
2024,2,CHUBUT,107.46295,174223
2024,2,CORDOBA,118.34631746031747,1085774
2024,2,CORRIENTES,114.56075862068965,156475
2024,2,ENTRE RIOS,94.6506,294311
2024,2,FORMOSA,86.97072,62950
2024,2,JUJUY,127.93144827586205,119684
2024,2,LA PAMPA,100.44170588235295,123263
2024,2,LA RIOJA,95.92783333333334,87481
2024,2,MENDOZA,91.35183783783783,301653
2024,2,MISIONES,119.04581818181818,206554
2024,2,NEUQUEN,97.33929032258065,163542
2024,2,RIO NEGRO,136.94090476190476,172041
2024,2,SALTA,159.64337142857144,201341
2024,2,SAN JUAN,68.84544827586207,105990
2024,2,SAN LUIS,133.97364285714286,157609
2024,2,SANTA CRUZ,54.758645161290325,83461
2024,2,SANTA FE,145.28335849056603,930973
2024,2,SANTIAGO DEL ESTERO,100.05421428571428,125314
2024,2,TIERRA DEL FUEGO,114.25818749999999,61409
2024,2,TUCUMAN,97.73622857142857,266914
